PCode,DCode,CCode,VCode,SCode,ECenter_Meeting,School ID,ECCode,Group,Rooms,Rooms_Actual,PC,CEC,PCEC,MCSCode,CandidateNC,using,Order,Block,RoomSupp,EC_suffix,gradeLevel,Program,ECCodeSh,ec_sch_code,MarkerGroup_Kess,MarkerGroup_Math,MarkerGroup_Biol,MarkerGroup_Geog,MarkerGroup_Hist,MarkerGroup_MorCiv,MarkerGroup_Chem,MarkerGroup_Phys,MarkerGroup_Earth,MarkerGroup_Lang,MarkerGroup_KessSS,MarkerGroup_MathSS,MarkerGroup_BiolSS,MarkerGroup_GeogSS,MarkerGroup_HistSS,MarkerGroup_MorCivSS,MarkerGroup_ChemSS,MarkerGroup_PhysSS,MarkerGroup_EarthSS,MarkerGroup_LangSS,Id,IsDeleted,DateCreated,LastUpdated,IsActive
1,6,2,1,908,,"010602010019","010602010019129999",0,25,25,0,0,0,424,0,0,7,0,0,,12,2,"7",4,,,,,,,,,,,,,,,,,,,,,1,0,"01/12/22 08:43:26",,1
1,6,2,1,909,,"010602010029","010602010029129999",0,30,30,0,0,0,466,0,0,4,0,0,,12,2,"4",4,,,,,,,,,,,,,,,,,,,,,2,0,"01/12/22 08:43:26",,1
1,6,2,1,13,,"010602010131","010602010131129999",0,29,29,0,0,0,805,0,0,3,0,0,,12,1,"3",3,,,,,,,,,,,,,,,,,,,,,3,0,"01/12/22 08:43:26",,1
1,6,2,1,901,,"010602019011","010602019011129999",0,30,30,0,0,0,719,0,0,2,0,0,,12,1,"2",3,,,,,,,,,,,,,,,,,,,,,4,0,"01/12/22 08:43:26",,1
1,6,2,6,903,,"010602069031","010602069031129999",0,25,25,0,0,0,724,0,0,5,0,0,,12,2,"5",4,,,,,,,,,,,,,,,,,,,,,5,0,"01/12/22 08:43:26",,1
1,6,5,5,902,,"010605059021","010605059021129999",0,30,30,0,0,0,768,0,0,6,0,0,,12,2,"6",4,,,,,,,,,,,,,,,,,,,,,6,0,"01/12/22 08:43:26",,1
1,6,7,3,904,,"010607039041","010607039041129999",0,30,30,0,0,0,836,0,0,1,0,0,,12,1,"1",3,,,,,,,,,,,,,,,,,,,,,7,0,"01/12/22 08:43:26",,1
2,3,1,1,6,,"020301010066","020301010066129999",0,15,15,0,0,0,626,0,0,4,0,0,,12,1,"11",1,,,,,,,,,,,,,,,,,,,,,8,0,"01/12/22 08:43:26",,1
2,3,2,1,901,,"020302019011","020302019011129999",0,26,26,0,0,0,352,0,0,2,0,0,,12,1,"9",1,,,,,,,,,,,,,,,,,,,,,9,0,"01/12/22 08:43:26",,1
2,3,2,4,901,,"020302040011","020302040011129999",0,37,37,0,0,0,587,0,0,1,0,0,,12,1,"8",1,,,,,,,,,,,,,,,,,,,,,10,0,"01/12/22 08:43:26",,1
2,3,2,7,28,,"020302070281","020302070281129999",0,23,23,0,0,0,291,0,0,3,0,0,,12,1,"10",1,,,,,,,,,,,,,,,,,,,,,11,0,"01/12/22 08:43:26",,1
2,3,4,1,902,,"020304010029","020304010029129999",0,37,37,0,0,0,550,0,0,6,0,0,,12,2,"13",2,,,,,,,,,,,,,,,,,,,,,12,0,"01/12/22 08:43:26",,1
2,3,6,2,904,,"020306029041","020306029041129999",0,24,22,0,0,0,745,0,0,10,0,0,,12,2,"17",2,,,,,,,,,,,,,,,,,,,,,13,0,"01/12/22 08:43:26",,1
2,3,10,1,702,,"020310017021","020310017021129999",0,24,24,0,0,0,860,0,0,9,0,0,,12,2,"16",2,,,,,,,,,,,,,,,,,,,,,14,0,"01/12/22 08:43:26",,1
2,3,10,1,902,,"020310019021","020310019021129999",0,37,37,0,0,0,524,0,0,7,0,0,,12,2,"14",2,,,,,,,,,,,,,,,,,,,,,15,0,"01/12/22 08:43:26",,1
2,3,10,4,903,,"020310049031","020310049031129999",0,37,37,0,0,0,371,0,0,8,0,0,,12,2,"15",2,,,,,,,,,,,,,,,,,,,,,16,0,"01/12/22 08:43:26",,1
2,8,1,3,902,,"020801039021","020801039021129999",0,26,25,0,0,0,802,0,0,5,0,0,,12,1,"12",1,,,,,,,,,,,,,,,,,,,,,17,0,"01/12/22 08:43:26",,1
3,3,8,4,29,,"030308040291","030308040291129999",0,21,21,0,0,0,617,0,0,5,0,0,,12,1,"22",150,,,,,,,,,,,,,,,,,,,,,18,0,"01/12/22 08:43:26",,1
3,3,8,4,901,,"030308049011","030308049011129999",0,30,30,0,0,0,820,0,0,12,0,0,,12,2,"29",152,,,,,,,,,,,,,,,,,,,,,19,0,"01/12/22 08:43:26",,1
3,5,1,1,5,,"030501010055","030501010055129999",0,23,23,0,0,0,126,0,0,4,0,0,,12,1,"21",149,,,,,,,,,,,,,,,,,,,,,20,0,"01/12/22 08:43:26",,1
3,5,1,1,6,,"030501010066","030501010066129999",0,25,25,0,0,0,683,0,0,7,0,0,,12,2,"24",151,,,,,,,,,,,,,,,,,,,,,21,0,"01/12/22 08:43:26",,1
3,5,2,8,907,,"030502080029","030502080029129999",0,20,20,0,0,0,297,0,0,3,0,0,,12,1,"20",149,,,,,,,,,,,,,,,,,,,,,22,0,"01/12/22 08:43:26",,1
3,5,2,9,10,,"030502090101","030502090101129999",0,20,20,0,0,0,572,0,0,6,0,0,,12,2,"23",151,,,,,,,,,,,,,,,,,,,,,23,0,"01/12/22 08:43:26",,1
3,5,2,9,901,,"030502099011","030502099011129998",0,34,34,0,0,0,398,0,0,9,0,0,"ជើង",12,2,"26",151,,,,,,,,,,,,,,,,,,,,,24,0,"01/12/22 08:43:26",,1
3,5,2,9,901,,"030502099011","030502099011129999",0,25,25,0,0,0,635,0,0,1,0,0,"ត្បូង",12,1,"18",149,,,,,,,,,,,,,,,,,,,,,25,0,"01/12/22 08:43:26",,1
3,5,4,3,903,,"030504039031","030504039031129999",0,25,25,0,0,0,943,0,0,2,0,0,,12,1,"19",149,,,,,,,,,,,,,,,,,,,,,26,0,"01/12/22 08:43:26",,1
3,5,4,6,702,,"030504067021","030504067021129999",0,20,20,0,0,0,801,0,0,8,0,0,,12,2,"25",151,,,,,,,,,,,,,,,,,,,,,27,0,"01/12/22 08:43:26",,1
3,6,1,2,713,,"030601027131","030601027131129999",0,22,22,0,0,0,336,0,0,10,0,0,,12,2,"27",151,,,,,,,,,,,,,,,,,,,,,28,0,"01/12/22 08:43:26",,1
3,6,9,13,901,,"030609139011","030609139011129999",0,21,19,0,0,0,893,0,0,11,0,0,,12,2,"28",151,,,,,,,,,,,,,,,,,,,,,29,0,"01/12/22 08:43:26",,1
4,3,2,1,901,,"040302019011","040302019011129999",0,25,25,0,0,0,173,0,0,3,0,0,,12,2,"32",36,,,,,,,,,,,,,,,,,,,,,30,0,"01/12/22 08:43:26",,1
4,3,3,2,4,,"040303020041","040303020041129999",0,20,20,0,0,0,718,0,0,5,0,0,,12,2,"34",36,,,,,,,,,,,,,,,,,,,,,31,0,"01/12/22 08:43:26",,1
4,3,4,7,5,,"040304070051","040304070051129999",0,20,20,0,0,0,200,0,0,6,0,0,,12,2,"35",36,,,,,,,,,,,,,,,,,,,,,32,0,"01/12/22 08:43:26",,1
4,3,4,8,902,,"040304089021","040304089021129999",0,22,22,0,0,0,942,0,0,4,0,0,,12,2,"33",36,,,,,,,,,,,,,,,,,,,,,33,0,"01/12/22 08:43:26",,1
4,6,1,1,901,,"040601019011","040601019011129999",0,21,21,0,0,0,452,0,0,1,0,0,,12,1,"30",35,,,,,,,,,,,,,,,,,,,,,34,0,"01/12/22 08:43:26",,1
4,6,7,12,902,,"040607129021","040607129021129999",0,20,17,0,0,0,544,0,0,8,0,0,,12,2,"37",36,,,,,,,,,,,,,,,,,,,,,35,0,"01/12/22 08:43:26",,1
4,6,10,2,27,,"040610020271","040610020271129999",0,18,18,0,0,0,678,0,0,2,0,0,,12,1,"31",35,,,,,,,,,,,,,,,,,,,,,36,0,"01/12/22 08:43:26",,1
4,6,11,4,29,,"040611040291","040611040291129999",0,20,20,0,0,0,717,0,0,7,0,0,,12,2,"36",36,,,,,,,,,,,,,,,,,,,,,37,0,"01/12/22 08:43:26",,1
5,2,1,9,701,,"050201097011","050201097011129999",0,15,15,0,0,0,303,0,0,4,0,0,,12,2,"41",154,,,,,,,,,,,,,,,,,,,,,38,0,"01/12/22 08:43:26",,1
5,2,3,2,901,,"050203029011","050203029011129999",0,12,12,0,0,0,227,0,0,6,0,0,,12,2,"43",154,,,,,,,,,,,,,,,,,,,,,39,0,"01/12/22 08:43:26",,1
5,2,3,7,902,,"050203079021","050203079021129999",0,24,24,0,0,0,685,0,0,1,0,0,,12,1,"38",153,,,,,,,,,,,,,,,,,,,,,40,0,"01/12/22 08:43:26",,1
5,2,3,12,10,,"050203120101","050203120101129999",0,16,16,0,0,0,423,0,0,2,0,0,,12,1,"39",153,,,,,,,,,,,,,,,,,,,,,41,0,"01/12/22 08:43:26",,1
5,2,4,1,702,,"050204017021","050204017021129999",0,27,27,0,0,0,968,0,0,3,0,0,,12,2,"40",154,,,,,,,,,,,,,,,,,,,,,42,0,"01/12/22 08:43:26",,1
5,2,4,9,8,,"050204090081","050204090081129999",0,12,12,0,0,0,559,0,0,7,0,0,,12,2,"44",154,,,,,,,,,,,,,,,,,,,,,43,0,"01/12/22 08:43:26",,1
5,2,5,3,703,,"050205037031","050205037031129999",0,13,13,0,0,0,645,0,0,5,0,0,,12,2,"42",154,,,,,,,,,,,,,,,,,,,,,44,0,"01/12/22 08:43:26",,1
5,7,13,20,902,,"050713209021","050713209021129999",0,20,18,0,0,0,512,0,0,11,0,0,,12,2,"48",154,,,,,,,,,,,,,,,,,,,,,45,0,"01/12/22 08:43:26",,1
5,7,15,1,42,,"050715010421","050715010421129999",0,15,15,0,0,0,914,0,0,9,0,0,,12,2,"46",154,,,,,,,,,,,,,,,,,,,,,46,0,"01/12/22 08:43:26",,1
5,7,15,1,901,,"050715019011","050715019011129999",0,20,20,0,0,0,295,0,0,8,0,0,,12,2,"45",154,,,,,,,,,,,,,,,,,,,,,47,0,"01/12/22 08:43:26",,1
5,7,15,2,43,,"050715020431","050715020431129999",0,13,13,0,0,0,337,0,0,10,0,0,,12,2,"47",154,,,,,,,,,,,,,,,,,,,,,48,0,"01/12/22 08:43:26",,1
6,2,9,9,706,,"060209097061","060209097061129999",0,20,20,0,0,0,574,0,0,3,0,0,,12,2,"51",34,,,,,,,,,,,,,,,,,,,,,49,0,"01/12/22 08:43:26",,1
6,3,1,1,5,,"060301010055","060301010055129999",0,13,13,0,0,0,584,0,0,5,0,0,,12,2,"53",34,,,,,,,,,,,,,,,,,,,,,50,0,"01/12/22 08:43:26",,1
6,3,1,2,1,,"060301020011","060301020011129999",0,14,14,0,0,0,155,0,0,8,0,0,,12,2,"56",34,,,,,,,,,,,,,,,,,,,,,51,0,"01/12/22 08:43:26",,1
6,3,1,2,902,,"060301029021","060301029021129999",0,30,30,0,0,0,209,0,0,7,0,0,,12,2,"55",34,,,,,,,,,,,,,,,,,,,,,52,0,"01/12/22 08:43:26",,1
6,3,3,2,710,,"060303027101","060303027101129999",0,11,11,0,0,0,668,0,0,6,0,0,,12,2,"54",34,,,,,,,,,,,,,,,,,,,,,53,0,"01/12/22 08:43:26",,1
6,3,9,2,25,,"060309020251","060309020251129999",0,21,21,0,0,0,613,0,0,4,0,0,,12,2,"52",34,,,,,,,,,,,,,,,,,,,,,54,0,"01/12/22 08:43:26",,1
6,3,9,2,901,,"060309029011","060309029011129998",0,21,21,0,0,0,215,0,0,2,0,0,"លិច",12,1,"50",33,,,,,,,,,,,,,,,,,,,,,55,0,"01/12/22 08:43:26",,1
6,3,9,2,901,,"060309029011","060309029011129999",0,30,30,0,0,0,665,0,0,1,0,0,"កើត",12,1,"49",33,,,,,,,,,,,,,,,,,,,,,56,0,"01/12/22 08:43:26",,1
6,3,10,6,30,,"060310060301","060310060301129999",0,14,14,0,0,0,400,0,0,9,0,0,,12,2,"57",34,,,,,,,,,,,,,,,,,,,,,57,0,"01/12/22 08:43:26",,1
6,3,10,9,903,,"060310099031","060310099031129999",0,21,21,0,0,0,734,0,0,10,0,0,,12,2,"58",34,,,,,,,,,,,,,,,,,,,,,58,0,"01/12/22 08:43:26",,1
7,1,11,7,40,,"070111070401","070111070401129999",0,12,12,0,0,0,543,0,0,5,0,0,,12,2,"63",108,,,,,,,,,,,,,,,,,,,,,59,0,"01/12/22 08:43:26",,1
7,1,11,7,705,,"070111077051","070111077051129999",0,16,16,0,0,0,791,0,0,3,0,0,,12,1,"61",107,,,,,,,,,,,,,,,,,,,,,60,0,"01/12/22 08:43:26",,1
7,1,11,7,901,,"070111079011","070111079011129999",0,27,27,0,0,0,755,0,0,4,0,0,,12,2,"62",108,,,,,,,,,,,,,,,,,,,,,61,0,"01/12/22 08:43:26",,1
7,7,2,2,708,,"070702027081","070702027081129999",0,24,24,0,0,0,420,0,0,8,0,0,,12,2,"66",109,,,,,,,,,,,,,,,,,,,,,62,0,"01/12/22 08:43:26",,1
7,7,16,1,902,,"070716019021","070716019021129999",0,24,22,0,0,0,319,0,0,10,0,0,,12,2,"68",109,,,,,,,,,,,,,,,,,,,,,63,0,"01/12/22 08:43:26",,1
7,7,18,3,901,,"070718039011","070718039011129999",0,18,18,0,0,0,858,0,0,9,0,0,,12,2,"67",109,,,,,,,,,,,,,,,,,,,,,64,0,"01/12/22 08:43:26",,1
7,8,1,1,5,,"070801010055","070801010055129999",0,20,20,0,0,0,268,0,0,2,0,0,,12,1,"60",106,,,,,,,,,,,,,,,,,,,,,65,0,"01/12/22 08:43:26",,1
7,8,1,1,902,,"070801019021","070801019021129999",0,20,20,0,0,0,518,0,0,1,0,0,,12,1,"59",106,,,,,,,,,,,,,,,,,,,,,66,0,"01/12/22 08:43:26",,1
7,8,1,2,2,,"070801020021","070801020021129999",0,14,14,0,0,0,385,0,0,7,0,0,,12,2,"65",109,,,,,,,,,,,,,,,,,,,,,67,0,"01/12/22 08:43:26",,1
7,8,3,2,703,,"070803027031","070803027031129999",0,30,30,0,0,0,387,0,0,6,0,0,,12,2,"64",109,,,,,,,,,,,,,,,,,,,,,68,0,"01/12/22 08:43:26",,1
8,1,3,6,901,,"080103069011","080103069011129998",0,20,19,0,0,0,654,0,0,7,0,0,"ត្បូង",12,2,"75",158,,,,,,,,,,,,,,,,,,,,,69,0,"01/12/22 08:43:26",,1
8,1,3,6,901,,"080103069011","080103069011129999",0,21,21,0,0,0,929,0,0,6,0,0,"ជើង",12,2,"74",158,,,,,,,,,,,,,,,,,,,,,70,0,"01/12/22 08:43:26",,1
8,1,16,2,902,,"080116029021","080116029021129999",0,19,19,0,0,0,714,0,0,1,0,0,,12,1,"69",155,,,,,,,,,,,,,,,,,,,,,71,0,"01/12/22 08:43:26",,1
8,10,8,2,901,,"081008029011","081008029011129998",0,20,20,0,0,0,983,0,0,9,0,0,"ត្បូង",12,2,"77",159,,,,,,,,,,,,,,,,,,,,,72,0,"01/12/22 08:43:26",,1
8,10,8,2,901,,"081008029011","081008029011129999",0,19,19,0,0,0,380,0,0,8,0,0,"ជើង",12,2,"76",159,,,,,,,,,,,,,,,,,,,,,73,0,"01/12/22 08:43:26",,1
8,10,9,1,905,,"081009019051","081009019051129999",0,27,27,0,0,0,878,0,0,2,0,0,,12,1,"70",156,,,,,,,,,,,,,,,,,,,,,74,0,"01/12/22 08:43:26",,1
8,11,1,1,6,,"081101010066","081101010066129999",0,20,20,0,0,0,243,0,0,11,0,0,,12,2,"79",160,,,,,,,,,,,,,,,,,,,,,75,0,"01/12/22 08:43:26",,1
8,11,2,1,1,,"081102010011","081102010011129999",0,20,20,0,0,0,165,0,0,15,0,0,,12,2,"83",160,,,,,,,,,,,,,,,,,,,,,76,0,"01/12/22 08:43:26",,1
8,11,2,2,2,,"081102020021","081102020021129999",0,20,20,0,0,0,250,0,0,14,0,0,,12,2,"82",160,,,,,,,,,,,,,,,,,,,,,77,0,"01/12/22 08:43:26",,1
8,11,4,1,4,,"081104010041","081104010041129999",0,15,15,0,0,0,600,0,0,17,0,0,,12,2,"85",160,,,,,,,,,,,,,,,,,,,,,78,0,"01/12/22 08:43:26",,1
8,11,4,1,902,,"081104019021","081104019021129999",0,25,21,0,0,0,700,0,0,18,0,0,,12,2,"86",160,,,,,,,,,,,,,,,,,,,,,79,0,"01/12/22 08:43:26",,1
8,11,4,2,6,,"081104020061","081104020061129999",0,20,20,0,0,0,141,0,0,16,0,0,,12,2,"84",160,,,,,,,,,,,,,,,,,,,,,80,0,"01/12/22 08:43:26",,1
8,11,4,2,701,,"081104027011","081104027011129999",0,17,17,0,0,0,817,0,0,10,0,0,,12,2,"78",160,,,,,,,,,,,,,,,,,,,,,81,0,"01/12/22 08:43:26",,1
8,11,4,2,701,,"081104027021","081104027021129999",0,29,29,0,0,0,221,0,0,5,0,0,,12,1,"73",157,,,,,,,,,,,,,,,,,,,,,82,0,"01/12/22 08:43:26",,1
8,11,4,3,901,,"081104039011","081104039011129998",0,20,20,0,0,0,680,0,0,4,0,0,"ត្បូង",12,1,"72",157,,,,,,,,,,,,,,,,,,,,,83,0,"01/12/22 08:43:26",,1
8,11,4,3,901,,"081104039011","081104039011129999",0,20,20,0,0,0,430,0,0,3,0,0,"ជើង",12,1,"71",157,,,,,,,,,,,,,,,,,,,,,84,0,"01/12/22 08:43:26",,1
8,11,5,2,704,,"081105027041","081105027041129999",0,18,18,0,0,0,341,0,0,13,0,0,,12,2,"81",160,,,,,,,,,,,,,,,,,,,,,85,0,"01/12/22 08:43:26",,1
8,11,6,2,703,,"081106027031","081106027031129999",0,20,20,0,0,0,692,0,0,12,0,0,,12,2,"80",160,,,,,,,,,,,,,,,,,,,,,86,0,"01/12/22 08:43:26",,1
9,4,1,3,701,,"090401037011","090401037011129999",0,20,19,0,0,0,625,0,0,2,0,0,,12,2,"88",162,,,,,,,,,,,,,,,,,,,,,87,0,"01/12/22 08:43:26",,1
9,4,1,5,901,,"090401059011","090401059011129998",0,20,20,0,0,0,192,0,0,1,0,0,,12,1,"87",161,,,,,,,,,,,,,,,,,,,,,88,0,"01/12/22 08:43:26",,1
10,2,3,2,903,,"100203029031","100203029031129998",0,23,23,0,0,0,747,0,0,3,0,0,"លិច",12,2,"91",164,,,,,,,,,,,,,,,,,,,,,89,0,"01/12/22 08:43:26",,1
10,2,3,2,903,,"100203029031","100203029031129999",0,20,20,0,0,0,615,0,0,1,0,0,"កើត",12,1,"89",163,,,,,,,,,,,,,,,,,,,,,90,0,"01/12/22 08:43:26",,1
10,2,3,4,901,,"100203049011","100203049011129999",0,23,22,0,0,0,246,0,0,4,0,0,,12,2,"92",164,,,,,,,,,,,,,,,,,,,,,91,0,"01/12/22 08:43:26",,1
10,2,4,4,902,,"100204049021","100204049021129999",0,15,15,0,0,0,783,0,0,2,0,0,,12,1,"90",163,,,,,,,,,,,,,,,,,,,,,92,0,"01/12/22 08:43:26",,1
11,5,3,4,901,,"110503049011","110503049011129998",0,17,16,0,0,0,829,0,0,2,0,0,"ត្បូង",12,2,"94",16,,,,,,,,,,,,,,,,,,,,,93,0,"01/12/22 08:43:26",,1
11,5,3,4,901,,"110503049011","110503049011129999",0,3,3,0,0,0,201,0,0,1,0,0,"កើត",12,1,"93",15,,,,,,,,,,,,,,,,,,,,,94,0,"01/12/22 08:43:26",,1
12,1,1,6,904,,"120101069041","120101069041129999",0,30,30,0,0,0,478,0,0,13,0,0,,12,1,"107",170,,,,,,,,,,,,,,,,,,,,,95,0,"01/12/22 08:43:26",,1
12,1,2,1,903,,"120102019031","120102019031129999",0,30,30,0,0,0,744,0,0,23,0,0,,12,2,"117",175,,,,,,,,,,,,,,,,,,,,,96,0,"01/12/22 08:43:26",,1
12,1,6,3,905,,"120106039051","120106039051129999",0,30,29,0,0,0,915,0,0,14,0,0,,12,1,"108",170,,,,,,,,,,,,,,,,,,,,,97,0,"01/12/22 08:43:26",,1
12,1,8,16,901,,"120108169011","120108169011129999",0,30,30,0,0,0,253,0,0,12,0,0,,12,1,"106",170,,,,,,,,,,,,,,,,,,,,,98,0,"01/12/22 08:43:26",,1
12,1,10,1,906,,"120110019061","120110019061129999",0,25,25,0,0,0,474,0,0,18,0,0,,12,2,"112",173,,,,,,,,,,,,,,,,,,,,,99,0,"01/12/22 08:43:26",,1
12,1,11,1,902,,"120111019021","120111019021129999",0,30,30,0,0,0,515,0,0,22,0,0,,12,2,"116",175,,,,,,,,,,,,,,,,,,,,,100,0,"01/12/22 08:43:26",,1
12,3,3,2,901,,"120303029011","120303029011129999",0,31,31,0,0,0,854,0,0,1,0,0,,12,1,"95",165,,,,,,,,,,,,,,,,,,,,,101,0,"01/12/22 08:43:26",,1
12,3,4,4,903,,"120304049031","120304049031129999",0,30,30,0,0,0,446,0,0,25,0,0,,12,2,"119",176,,,,,,,,,,,,,,,,,,,,,102,0,"01/12/22 08:43:26",,1
12,3,6,7,3,,"120306070031","120306070031129999",0,30,30,0,0,0,623,0,0,26,0,0,,12,2,"120",176,,,,,,,,,,,,,,,,,,,,,103,0,"01/12/22 08:43:26",,1
12,3,8,2,11,,"120308020111","120308020111129999",0,34,34,0,0,0,797,0,0,16,0,0,,12,2,"110",171,,,,,,,,,,,,,,,,,,,,,104,0,"01/12/22 08:43:26",,1
12,3,8,2,703,,"120308027031","120308027031129999",0,25,24,0,0,0,264,0,0,24,0,0,,12,2,"118",175,,,,,,,,,,,,,,,,,,,,,105,0,"01/12/22 08:43:26",,1
12,3,10,5,904,,"120310059041","120310059041129999",0,35,35,0,0,0,764,0,0,2,0,0,,12,1,"96",165,,,,,,,,,,,,,,,,,,,,,106,0,"01/12/22 08:43:26",,1
12,5,7,1,901,,"120507019011","120507019011129998",0,30,30,0,0,0,784,0,0,15,0,0,"ជើង",12,2,"109",171,,,,,,,,,,,,,,,,,,,,,107,0,"01/12/22 08:43:26",,1
12,5,7,1,901,,"120507019011","120507019011129999",0,34,33,0,0,0,649,0,0,4,0,0,"ត្បូង",12,1,"98",165,,,,,,,,,,,,,,,,,,,,,108,0,"01/12/22 08:43:26",,1
12,6,3,3,906,,"120603039061","120603039061129999",0,19,19,0,0,0,793,0,0,5,0,0,,12,1,"99",167,,,,,,,,,,,,,,,,,,,,,109,0,"01/12/22 08:43:26",,1
12,6,6,1,901,,"120606019011","120606019011129999",0,30,30,0,0,0,876,0,0,17,0,0,,12,2,"111",172,,,,,,,,,,,,,,,,,,,,,110,0,"01/12/22 08:43:26",,1
12,7,4,1,6,,"120704010061","120704010061129999",0,32,31,0,0,0,753,0,0,8,0,0,,12,1,"102",168,,,,,,,,,,,,,,,,,,,,,111,0,"01/12/22 08:43:26",,1
12,7,4,1,901,,"120704019011","120704019011129999",0,35,35,0,0,0,900,0,0,28,0,0,,12,2,"122",176,,,,,,,,,,,,,,,,,,,,,112,0,"01/12/22 08:43:26",,1
12,7,6,6,904,,"120706069041","120706069041129999",0,22,22,0,0,0,636,0,0,19,0,0,,12,2,"113",173,,,,,,,,,,,,,,,,,,,,,113,0,"01/12/22 08:43:26",,1
12,7,6,11,8,,"120706110081","120706110081129999",0,30,30,0,0,0,631,0,0,7,0,0,,12,1,"101",168,,,,,,,,,,,,,,,,,,,,,114,0,"01/12/22 08:43:26",,1
12,7,8,4,902,,"120708049021","120708049021129999",0,35,35,0,0,0,393,0,0,27,0,0,,12,2,"121",176,,,,,,,,,,,,,,,,,,,,,115,0,"01/12/22 08:43:26",,1
12,7,10,10,903,,"120710109031","120710109031129999",0,36,36,0,0,0,296,0,0,6,0,0,,12,1,"100",168,,,,,,,,,,,,,,,,,,,,,116,0,"01/12/22 08:43:26",,1
12,8,1,4,901,,"120801049011","120801049011129999",0,24,24,0,0,0,809,0,0,9,0,0,,12,1,"103",169,,,,,,,,,,,,,,,,,,,,,117,0,"01/12/22 08:43:26",,1
12,8,2,1,902,,"120802019021","120802019021129999",0,35,34,0,0,0,925,0,0,21,0,0,,12,2,"115",174,,,,,,,,,,,,,,,,,,,,,118,0,"01/12/22 08:43:26",,1
12,9,5,20,901,,"120905209011","120905209011129999",0,37,37,0,0,0,742,0,0,20,0,0,,12,2,"114",174,,,,,,,,,,,,,,,,,,,,,119,0,"01/12/22 08:43:26",,1
12,9,6,9,708,,"120906097081","120906097081129999",0,29,29,0,0,0,956,0,0,10,0,0,,12,1,"104",169,,,,,,,,,,,,,,,,,,,,,120,0,"01/12/22 08:43:26",,1
12,10,8,2,901,,"121008029011","121008029011129999",0,32,32,0,0,0,840,0,0,11,0,0,,12,1,"105",170,,,,,,,,,,,,,,,,,,,,,121,0,"01/12/22 08:43:26",,1
12,11,10,3,902,,"121110039021","121110039021129999",0,20,20,0,0,0,204,0,0,3,0,0,,12,1,"97",165,,,,,,,,,,,,,,,,,,,,,122,0,"01/12/22 08:43:26",,1
13,8,1,1,2,,"130801010021","130801010021129999",0,23,22,0,0,0,684,0,0,3,0,0,,12,2,"125",205,,,,,,,,,,,,,,,,,,,,,123,0,"01/12/22 08:43:26",,1
13,8,1,1,5,,"130801010055","130801010055129999",0,14,14,0,0,0,233,0,0,1,0,0,,12,1,"123",204,,,,,,,,,,,,,,,,,,,,,124,0,"01/12/22 08:43:26",,1
13,8,1,1,901,,"130801019011","130801019011129999",0,28,28,0,0,0,727,0,0,2,0,0,,12,2,"124",205,,,,,,,,,,,,,,,,,,,,,125,0,"01/12/22 08:43:26",,1
14,1,2,1,901,,"140102019011","140102019011129999",0,25,25,0,0,0,688,0,0,12,0,0,,12,2,"137",203,,,,,,,,,,,,,,,,,,,,,126,0,"01/12/22 08:43:26",,1
14,1,3,11,708,,"140103117081","140103117081129999",0,20,20,0,0,0,741,0,0,11,0,0,,12,2,"136",203,,,,,,,,,,,,,,,,,,,,,127,0,"01/12/22 08:43:26",,1
14,1,4,12,902,,"140104129021","140104129021129999",0,20,20,0,0,0,938,0,0,13,0,0,,12,2,"138",203,,,,,,,,,,,,,,,,,,,,,128,0,"01/12/22 08:43:26",,1
14,10,2,4,708,,"141002047081","141002047081129999",0,20,20,0,0,0,520,0,0,4,0,0,,12,2,"129",201,,,,,,,,,,,,,,,,,,,,,129,0,"01/12/22 08:43:26",,1
14,10,10,1,38,,"141010010381","141010010381129999",0,20,20,0,0,0,986,0,0,5,0,0,,12,2,"130",201,,,,,,,,,,,,,,,,,,,,,130,0,"01/12/22 08:43:26",,1
14,10,10,3,901,,"141010039011","141010039011129999",0,25,25,0,0,0,170,0,0,1,0,0,,12,1,"126",199,,,,,,,,,,,,,,,,,,,,,131,0,"01/12/22 08:43:26",,1
14,13,1,1,5,,"141301010055","141301010055129999",0,25,25,0,0,0,171,0,0,7,0,0,,12,2,"132",202,,,,,,,,,,,,,,,,,,,,,132,0,"01/12/22 08:43:26",,1
14,13,2,4,5,,"141302040051","141302040051129999",0,17,17,0,0,0,980,0,0,6,0,0,,12,2,"131",202,,,,,,,,,,,,,,,,,,,,,133,0,"01/12/22 08:43:26",,1
14,13,3,2,7,,"141303020071","141303020071129999",0,24,24,0,0,0,162,0,0,3,0,0,,12,1,"128",200,,,,,,,,,,,,,,,,,,,,,134,0,"01/12/22 08:43:26",,1
14,13,3,3,8,,"141303030081","141303030081129999",0,18,18,0,0,0,323,0,0,8,0,0,,12,2,"133",202,,,,,,,,,,,,,,,,,,,,,135,0,"01/12/22 08:43:26",,1
14,13,3,3,901,,"141303039011","141303039011129998",0,26,26,0,0,0,837,0,0,10,0,0,"ត្បូង",12,2,"135",202,,,,,,,,,,,,,,,,,,,,,136,0,"01/12/22 08:43:26",,1
14,13,3,3,901,,"141303039011","141303039011129999",0,22,22,0,0,0,283,0,0,9,0,0,"ជើង",12,2,"134",202,,,,,,,,,,,,,,,,,,,,,137,0,"01/12/22 08:43:26",,1
14,13,3,4,902,,"141303049021","141303049021129999",0,25,25,0,0,0,453,0,0,2,0,0,,12,1,"127",200,,,,,,,,,,,,,,,,,,,,,138,0,"01/12/22 08:43:26",,1
15,5,3,2,702,,"150503027021","150503027021129999",0,21,21,0,0,0,448,0,0,5,0,0,,12,2,"143",44,,,,,,,,,,,,,,,,,,,,,139,0,"01/12/22 08:43:26",,1
15,5,4,2,13,,"150504020131","150504020131129999",0,27,27,0,0,0,548,0,0,2,0,0,,12,1,"140",41,,,,,,,,,,,,,,,,,,,,,140,0,"01/12/22 08:43:26",,1
15,5,4,6,701,,"150504067011","150504067011129998",0,39,39,0,0,0,638,0,0,3,0,0,,12,2,"141",44,,,,,,,,,,,,,,,,,,,,,141,0,"01/12/22 08:43:26",,1
15,5,4,6,901,,"150504069011","150504069011129998",0,29,29,0,0,0,562,0,0,4,0,0,"ត្បូង",12,2,"142",44,,,,,,,,,,,,,,,,,,,,,142,0,"01/12/22 08:43:26",,1
15,5,4,6,901,,"150504069011","150504069011129999",0,22,22,0,0,0,273,0,0,1,0,0,"ជើង",12,1,"139",41,,,,,,,,,,,,,,,,,,,,,143,0,"01/12/22 08:43:26",,1
16,2,2,1,901,,"160202019011","160202019011129999",0,42,41,0,0,0,476,0,0,2,0,0,,12,2,"145",96,,,,,,,,,,,,,,,,,,,,,144,0,"01/12/22 08:43:26",,1
16,2,2,5,7,,"160202050071","160202050071129999",0,11,11,0,0,0,345,0,0,1,0,0,,12,1,"144",95,,,,,,,,,,,,,,,,,,,,,145,0,"01/12/22 08:43:26",,1
17,10,1,3,716,,"171001037161","171001037161129999",0,20,20,0,0,0,360,0,0,12,0,0,,12,2,"157",185,,,,,,,,,,,,,,,,,,,,,146,0,"01/12/22 08:43:26",,1
17,10,2,12,901,,"171002129011","171002129011129998",0,37,37,0,0,0,531,0,0,5,0,0,"ត្បូង",12,2,"150",185,,,,,,,,,,,,,,,,,,,,,147,0,"01/12/22 08:43:26",,1
17,10,2,12,901,,"171002129011","171002129011129999",0,30,30,0,0,0,403,0,0,1,0,0,"ជើង",12,1,"146",184,,,,,,,,,,,,,,,,,,,,,148,0,"01/12/22 08:43:26",,1
17,10,3,2,15,,"171003020151","171003020151129999",0,19,19,0,0,0,871,0,0,11,0,0,,12,2,"156",185,,,,,,,,,,,,,,,,,,,,,149,0,"01/12/22 08:43:26",,1
17,10,4,1,19,,"171004010191","171004010191129999",0,37,37,0,0,0,228,0,0,7,0,0,,12,2,"152",185,,,,,,,,,,,,,,,,,,,,,150,0,"01/12/22 08:43:26",,1
17,10,4,1,904,,"171004019041","171004019041129998",0,37,37,0,0,0,551,0,0,6,0,0,"កើត",12,2,"151",185,,,,,,,,,,,,,,,,,,,,,151,0,"01/12/22 08:43:26",,1
17,10,4,1,904,,"171004019041","171004019041129999",0,30,30,0,0,0,176,0,0,2,0,0,"លិច",12,1,"147",184,,,,,,,,,,,,,,,,,,,,,152,0,"01/12/22 08:43:26",,1
17,10,4,2,20,,"171004020201","171004020201129999",0,30,30,0,0,0,422,0,0,9,0,0,,12,2,"154",185,,,,,,,,,,,,,,,,,,,,,153,0,"01/12/22 08:43:26",,1
17,10,4,2,903,,"171004029031","171004029031129998",0,35,35,0,0,0,857,0,0,8,0,0,"ជើង",12,2,"153",185,,,,,,,,,,,,,,,,,,,,,154,0,"01/12/22 08:43:26",,1
17,10,4,2,903,,"171004029031","171004029031129999",0,27,27,0,0,0,672,0,0,3,0,0,"ត្បូង",12,1,"148",184,,,,,,,,,,,,,,,,,,,,,155,0,"01/12/22 08:43:26",,1
17,10,10,2,902,,"171010029021","171010029021129998",0,30,30,0,0,0,905,0,0,10,0,0,"កើត",12,2,"155",185,,,,,,,,,,,,,,,,,,,,,156,0,"01/12/22 08:43:26",,1
17,10,10,2,902,,"171010029021","171010029021129999",0,25,24,0,0,0,690,0,0,4,0,0,"លិច",12,1,"149",184,,,,,,,,,,,,,,,,,,,,,157,0,"01/12/22 08:43:26",,1
18,1,3,1,901,,"180103019011","180103019011129999",0,14,14,0,0,0,482,0,0,3,0,0,,12,2,"160",188,,,,,,,,,,,,,,,,,,,,,158,0,"01/12/22 08:43:26",,1
18,1,4,1,902,,"180104019021","180104019021129999",0,10,10,0,0,0,153,0,0,1,0,0,,12,1,"158",186,,,,,,,,,,,,,,,,,,,,,159,0,"01/12/22 08:43:26",,1
18,1,4,3,703,,"180104037031","180104037031129999",0,11,10,0,0,0,699,0,0,4,0,0,,12,2,"161",188,,,,,,,,,,,,,,,,,,,,,160,0,"01/12/22 08:43:26",,1
18,2,14,2,23,,"180214020231","180214020231129997",0,7,7,0,0,0,766,0,0,2,0,0,,12,1,"159",187,,,,,,,,,,,,,,,,,,,,,161,0,"01/12/22 08:43:26",,1
18,2,14,2,901,,"180214029011","180214029011129999",0,17,17,0,0,0,369,0,0,5,0,0,,12,2,"162",189,,,,,,,,,,,,,,,,,,,,,162,0,"01/12/22 08:43:26",,1
19,4,1,1,6,,"190401010066","190401010066129999",0,26,25,0,0,0,364,0,0,2,0,0,,12,2,"164",38,,,,,,,,,,,,,,,,,,,,,163,0,"01/12/22 08:43:26",,1
19,4,1,5,901,,"190401059011","190401059011129999",0,7,7,0,0,0,670,0,0,1,0,0,,12,1,"163",37,,,,,,,,,,,,,,,,,,,,,164,0,"01/12/22 08:43:26",,1
20,6,1,1,5,,"200601010055","200601010055129999",0,20,20,0,0,0,125,0,0,6,0,0,,12,2,"170",40,,,,,,,,,,,,,,,,,,,,,165,0,"01/12/22 08:43:26",,1
20,6,1,4,1,,"200601040011","200601040011129999",0,25,25,0,0,0,372,0,0,3,0,0,,12,2,"167",40,,,,,,,,,,,,,,,,,,,,,166,0,"01/12/22 08:43:26",,1
20,6,1,5,901,,"200601059011","200601059011129998",0,34,34,0,0,0,479,0,0,5,0,0,"ជើង",12,2,"169",40,,,,,,,,,,,,,,,,,,,,,167,0,"01/12/22 08:43:26",,1
20,6,1,5,901,,"200601059011","200601059011129999",0,32,32,0,0,0,486,0,0,4,0,0,"ត្បូង",12,2,"168",40,,,,,,,,,,,,,,,,,,,,,168,0,"01/12/22 08:43:26",,1
20,6,2,3,3,,"200602030031","200602030031129999",0,10,9,0,0,0,138,0,0,7,0,0,,12,2,"171",40,,,,,,,,,,,,,,,,,,,,,169,0,"01/12/22 08:43:26",,1
20,6,7,2,902,,"200607029021","200607029021129999",0,10,10,0,0,0,379,0,0,2,0,0,,12,1,"166",39,,,,,,,,,,,,,,,,,,,,,170,0,"01/12/22 08:43:26",,1
20,6,7,6,14,,"200607060141","200607060141129999",0,23,23,0,0,0,502,0,0,1,0,0,,12,1,"165",39,,,,,,,,,,,,,,,,,,,,,171,0,"01/12/22 08:43:26",,1
21,7,6,10,902,,"210706109021","210706109021129999",0,25,23,0,0,0,558,0,0,9,0,0,,12,2,"180",192,,,,,,,,,,,,,,,,,,,,,172,0,"01/12/22 08:43:26",,1
21,7,7,3,904,,"210707039041","210707039041129999",0,27,27,0,0,0,788,0,0,7,0,0,,12,2,"178",192,,,,,,,,,,,,,,,,,,,,,173,0,"01/12/22 08:43:26",,1
21,7,8,5,901,,"210708059011","210708059011129999",0,21,21,0,0,0,390,0,0,8,0,0,,12,2,"179",192,,,,,,,,,,,,,,,,,,,,,174,0,"01/12/22 08:43:26",,1
21,8,1,1,5,,"210801010055","210801010055129999",0,20,20,0,0,0,367,0,0,12,0,0,,12,2,"183",193,,,,,,,,,,,,,,,,,,,,,175,0,"01/12/22 08:43:26",,1
21,8,1,1,6,,"210801010066","210801010066129999",0,22,22,0,0,0,357,0,0,11,0,0,,12,2,"182",193,,,,,,,,,,,,,,,,,,,,,176,0,"01/12/22 08:43:26",,1
21,8,1,5,702,,"210801057021","210801057021129999",0,14,14,0,0,0,567,0,0,3,0,0,,12,1,"174",190,,,,,,,,,,,,,,,,,,,,,177,0,"01/12/22 08:43:26",,1
21,8,2,10,901,,"210802100019","210802100019129999",0,20,20,0,0,0,425,0,0,1,0,0,,12,1,"172",190,,,,,,,,,,,,,,,,,,,,,178,0,"01/12/22 08:43:26",,1
21,8,2,10,9,,"210802100091","210802100091129999",0,24,24,0,0,0,627,0,0,13,0,0,,12,2,"184",193,,,,,,,,,,,,,,,,,,,,,179,0,"01/12/22 08:43:26",,1
21,8,2,10,901,,"210802109011","210802109011129999",0,25,25,0,0,0,591,0,0,10,0,0,,12,2,"181",193,,,,,,,,,,,,,,,,,,,,,180,0,"01/12/22 08:43:26",,1
21,8,3,4,902,,"210803049021","210803049021129999",0,20,20,0,0,0,911,0,0,2,0,0,,12,1,"173",190,,,,,,,,,,,,,,,,,,,,,181,0,"01/12/22 08:43:26",,1
21,9,1,21,905,,"210901219051","210901219051129999",0,20,20,0,0,0,844,0,0,4,0,0,,12,1,"175",191,,,,,,,,,,,,,,,,,,,,,182,0,"01/12/22 08:43:26",,1
21,9,4,17,904,,"210904179041","210904179041129999",0,20,20,0,0,0,257,0,0,5,0,0,,12,1,"176",191,,,,,,,,,,,,,,,,,,,,,183,0,"01/12/22 08:43:26",,1
21,9,7,7,902,,"210907079021","210907079021129999",0,21,20,0,0,0,440,0,0,6,0,0,,12,1,"177",191,,,,,,,,,,,,,,,,,,,,,184,0,"01/12/22 08:43:26",,1
21,10,3,9,902,,"211003099021","211003099021129999",0,20,20,0,0,0,894,0,0,16,0,0,,12,2,"187",193,,,,,,,,,,,,,,,,,,,,,185,0,"01/12/22 08:43:26",,1
21,10,6,1,901,,"211006019011","211006019011129999",0,20,18,0,0,0,790,0,0,17,0,0,,12,2,"188",193,,,,,,,,,,,,,,,,,,,,,186,0,"01/12/22 08:43:26",,1
21,10,8,5,905,,"211008059051","211008059051129999",0,20,20,0,0,0,951,0,0,15,0,0,,12,2,"186",193,,,,,,,,,,,,,,,,,,,,,187,0,"01/12/22 08:43:26",,1
21,10,11,2,904,,"211011029041","211011029041129999",0,20,20,0,0,0,436,0,0,14,0,0,,12,2,"185",193,,,,,,,,,,,,,,,,,,,,,188,0,"01/12/22 08:43:26",,1
22,1,2,3,5,,"220102030051","220102030051129999",0,2,2,0,0,0,760,0,0,1,0,0,,12,1,"189",98,,,,,,,,,,,,,,,,,,,,,189,0,"01/12/22 08:43:26",,1
22,1,3,2,901,,"220103029011","220103029011129999",0,11,11,0,0,0,913,0,0,2,0,0,,12,2,"190",97,,,,,,,,,,,,,,,,,,,,,190,0,"01/12/22 08:43:26",,1
23,1,3,2,901,,"230103029011","230103029011129998",0,15,14,0,0,0,282,0,0,2,0,0,"កើត",12,2,"192",195,,,,,,,,,,,,,,,,,,,,,191,0,"01/12/22 08:43:26",,1
23,1,3,2,901,,"230103029011","230103029011129999",0,7,7,0,0,0,363,0,0,1,0,0,"លិច",12,1,"191",194,,,,,,,,,,,,,,,,,,,,,192,0,"01/12/22 08:43:26",,1
24,4,4,4,901,,"240404049011","240404049011129999",0,13,13,0,0,0,435,0,0,1,0,0,,12,1,"193",29,,,,,,,,,,,,,,,,,,,,,193,0,"01/12/22 08:43:26",,1
24,4,4,4,902,,"240404049021","240404049021129999",0,27,27,0,0,0,144,0,0,2,0,0,,12,2,"194",30,,,,,,,,,,,,,,,,,,,,,194,0,"01/12/22 08:43:26",,1
24,4,4,7,5,,"240404070051","240404070051129999",0,21,20,0,0,0,800,0,0,3,0,0,,12,2,"195",30,,,,,,,,,,,,,,,,,,,,,195,0,"01/12/22 08:43:26",,1
25,16,8,18,91,,"251608180911","251608180911129999",0,20,20,0,0,0,510,0,0,5,0,0,,12,2,"200",197,,,,,,,,,,,,,,,,,,,,,196,0,"01/12/22 08:43:26",,1
25,16,8,18,902,,"251608189021","251608189021129999",0,20,20,0,0,0,178,0,0,4,0,0,,12,2,"199",197,,,,,,,,,,,,,,,,,,,,,197,0,"01/12/22 08:43:26",,1
25,16,9,1,915,,"251609019011","251609019011129999",0,20,20,0,0,0,191,0,0,8,0,0,,12,2,"203",197,,,,,,,,,,,,,,,,,,,,,198,0,"01/12/22 08:43:26",,1
25,16,9,11,75,,"251609110751","251609110751129999",0,20,20,0,0,0,460,0,0,7,0,0,,12,2,"202",197,,,,,,,,,,,,,,,,,,,,,199,0,"01/12/22 08:43:26",,1
25,16,9,11,906,,"251609119061","251609119061129999",0,20,20,0,0,0,618,0,0,6,0,0,,12,2,"201",197,,,,,,,,,,,,,,,,,,,,,200,0,"01/12/22 08:43:26",,1
25,16,9,14,916,,"251609140019","251609140019129999",0,17,15,0,0,0,219,0,0,9,0,0,,12,2,"204",197,,,,,,,,,,,,,,,,,,,,,201,0,"01/12/22 08:43:26",,1
25,17,1,5,702,,"251701057021","251701057021129999",0,20,20,0,0,0,926,0,0,2,0,0,,12,1,"197",196,,,,,,,,,,,,,,,,,,,,,202,0,"01/12/22 08:43:26",,1
25,17,1,12,4,,"251701120041","251701120041129999",0,15,13,0,0,0,218,0,0,3,0,0,,12,1,"198",196,,,,,,,,,,,,,,,,,,,,,203,0,"01/12/22 08:43:26",,1
25,17,1,12,901,,"251701129011","251701129011129999",0,24,24,0,0,0,919,0,0,1,0,0,,12,1,"196",196,,,,,,,,,,,,,,,,,,,,,204,0,"01/12/22 08:43:26",,1
